air_store_id,no_visit_rate
air_9152d9926e5c4a3a,0.20421052631578948
air_e1b76fcb5208fb6b,0.0033783783783783786
air_1ba4e87ef7422183,0.033783783783783786
air_2a7f14da7fe0f699,0.14527027027027026
air_1f7f8fa557bc0d55,0.11297071129707113
air_7cc17a324ae5c7dc,0.33263598326359833
air_258ad2619d7bff9a,0.09797297297297297
air_17bed6dbf7c8b0fc,0.32978723404255317
air_df554c4527a1cfe6,0.6139534883720931
air_26c5bbeb7bb82bf1,0.20169851380042464
air_35c4732dcbfe31be,0.06485355648535565
air_6b942d5ebbc759c2,0.21283783783783783
air_eca5e0064dc9314a,0.010135135135135136
air_3e6cea17a9d2c0f1,0.016842105263157894
air_a304330715435390,0.20945945945945946
air_d00161e19f08290b,0.025210084033613446
air_70e9e8cd55879414,0.09205020920502092
air_a083834e7ffe187e,0.0041841004184100415
air_310e467e6e625004,0.24662162162162163
air_c8265ecc116f2284,0.09121621621621621
air_91beafbba9382b0a,0.16421052631578947
air_b8925441167c3152,0.2905405405405405
air_d4d218b451f82c3d,0.06418918918918919
air_e08b9cf82057a170,0.016891891891891893
air_09661c0f3259cc04,0.033783783783783786
air_c3585b0fba3998d0,0.3707482993197279
air_b5598d12d1b84890,0.10810810810810811
air_23e1b11aee2a1407,0.04054054054054054
air_2703dcb33192b181,0.1595744680851064
air_b4f32bcc399da2b9,0.0400890868596882
air_9d3482b4680aee88,0.3649789029535865
air_a9133955abccf071,0.11911357340720222
air_ef789667e2e6fe96,0.031578947368421054
air_754ae581ad80cc9f,0.14189189189189189
air_c7f78b4f3cba33ff,0.26440677966101694
air_7bc6ca04d7b0f3b8,0.3473684210526316
air_722297e7f26db91d,0.11789473684210526
air_bfda7731a6c6fc61,0.1936842105263158
air_99b01136f451fc0e,0.22972972972972974
air_a8533b7a992bb0ca,0.040169133192389
air_de692863bb2dd758,0.09263157894736843
air_9aa32b3db0fab3a5,0.15368421052631578
air_4f762e840b3996e1,0.04852320675105485
air_1f34e9beded2231a,0.5
air_6607fe3671242ce3,0.010135135135135136
air_ec0fad2def4dcff0,0.22297297297297297
air_16cf0a73233896de,0.13135593220338984
air_657a0748462f85de,0.15878378378378377
air_6c952e3c6e590945,0.021551724137931036
air_2fc478dc9f0a6b31,0.1554054054054054
air_f85e21e543cf44f2,0.25
air_c1ff20617c54fee7,0.3277027027027027
air_0919d54f0c9a24b8,0.20945945945945946
air_4092cfbd95a3ac1b,0.02364864864864865
air_93ebe490d4abb8e9,0.01263157894736842
air_16c4cfddeb2cf69b,0.008583690987124463
air_eb120e6d384a17a8,0.11320754716981132
air_ba937bf13d40fb24,0.1609442060085837
air_70f834596eb99fee,0.15878378378378377
air_4b380b4db9d37883,0.013513513513513514
air_0f60e1576a7d397d,0.34121621621621623
air_f96765e800907c77,0.1726315789473684
air_4570f52104fe0982,0.06369426751592357
air_81546875de9c8e78,0.06418918918918919
air_08f994758a1e76d4,0.02364864864864865
air_56ea46c14b2dd967,0.05067567567567568
air_abcdc8115988a010,0.13513513513513514
air_1dd8f6f47480d1a2,0.09797297297297297
air_57c9eea1a2b66e65,0.15878378378378377
air_789466e488705c93,0.1719077568134172
air_3561fd1c0bce6a95,0.15611814345991562
air_bb09595bab7d5cfb,0.06756756756756757
air_4d71826793c09b22,0.010548523206751054
air_877f79706adbfb06,0.19874476987447698
air_2b8b29ddfd35018e,0.014675052410901468
air_87059630ab6fe47f,0.24324324324324326
air_b162fb07fbbdea33,0.15822784810126583
air_b1bb1fae86617d7a,0.04477611940298507
air_938ef91ecdde6878,0.10135135135135136
air_e00fe7853c0100d6,0.0
air_daa7947e1c47f5ed,0.016891891891891893
air_c6aa2efba0ffc8eb,0.3082191780821918
air_fcd4492c83f1c6b9,0.0949367088607595
air_e270aff84ac7e4c8,0.014675052410901468
air_6e3fd96320d24324,0.13179916317991633
air_2009041dbf9264de,0.1407563025210084
air_88f31db64991768a,0.06418918918918919
air_673acd9fa5e0dd78,0.13924050632911392
air_9d5a980b211e1795,0.1858108108108108
air_f4936b91c9addbf0,0.1554054054054054
air_52e2a1fd42bc917a,0.17567567567567569
air_a21ffca0bea1661a,0.4557823129251701
air_f9168b23fdfc1e52,0.09797297297297297
air_38746ffe9aa20c7e,0.10135135135135136
air_79afb3f52b4d062c,0.042105263157894736
air_b60cc7d6aee68194,0.03571428571428571
air_ee3a01f0c71a769f,0.18736842105263157
air_fe22ef5a9cbef123,0.012552301255230125
air_4974785f48853db9,0.27702702702702703
air_cc35590cd1da8554,0.2195945945945946
air_61668cc2b0778898,0.10727969348659004
air_500641aca4cf673c,0.4004282655246253
air_7514d90009613cd6,0.2195945945945946
air_db4b38ebe7a7ceff,0.043933054393305436
air_9b6af3db40da4ae2,0.0
air_5e339a1f364cdb00,0.15202702702702703
air_a33461f4392ec62c,0.1554054054054054
air_fc477473134e9ae5,0.033783783783783786
air_9a30407764f4ff84,0.25675675675675674
air_26f10355d9b4d82a,0.17567567567567569
air_a7404a854919e990,0.010135135135135136
air_5ed3198e4a5eed0f,0.30168776371308015
air_c0385db498b391e5,0.05067567567567568
air_36bcf77d3382d36e,0.0041841004184100415
air_d473620754bf9fc2,0.057432432432432436
air_e5cf003abcc5febb,0.15578947368421053
air_2fc149abe33adcb4,0.17905405405405406
air_b1d822f75c9fc615,0.031578947368421054
air_084d98859256acf0,0.1891891891891892
air_61b8d37c33617f21,0.0
air_90bd5de52c166767,0.17721518987341772
air_04341b588bde96cd,0.012552301255230125
air_7e12c5d27f44a8de,0.014736842105263158
air_90f0efbb702d77b7,0.125
air_8110d68cc869b85e,0.2247191011235955
air_72f5146cf0c49beb,0.057432432432432436
air_6d65542aa43b598b,0.15578947368421053
air_9dd7d38b0f1760c4,0.2668918918918919
air_49211568cab5fdee,0.006756756756756757
air_3c938075889fc059,0.11824324324324324
air_7db266904cb0d72a,0.15254237288135594
air_a17f0778617c76e2,0.0
air_e2208a79e2678432,0.1554054054054054
air_b5bdd318005d9aa4,0.20608108108108109
air_7dacea2f22afccfb,0.2576271186440678
air_b2395df0e874078d,0.2983050847457627
air_c759b6abeb552160,0.30043859649122806
air_dabfbd0ec951925a,0.18243243243243243
air_f593fa60ac3541e2,0.030405405405405407
air_2ac361b97630e2df,0.02364864864864865
air_709262d948dd0b6e,0.30067567567567566
air_681f96e6a6595f82,0.15611814345991562
air_483eba479dc9910d,0.17970401691331925
air_b88192b35ac03c24,0.013513513513513514
air_9f277fb7a2c1d842,0.046218487394957986
air_8d61f49aa0373492,0.1872146118721461
air_d97dabf7aae60da5,0.0041841004184100415
air_73f316e6a18d8aa9,0.3150105708245243
air_c77ee2b7d36da265,0.1858108108108108
air_346ade7d29230634,0.1518987341772152
air_c9f6de13be8b8f25,0.0949367088607595
air_049f6d5b402a31b2,0.12837837837837837
air_77dfc83450cbc89c,0.16455696202531644
air_df5cf5cd03eb68d0,0.2721518987341772
air_7ef9a5ea5c8fe39f,0.0472972972972973
air_1c95a84924d72500,0.029535864978902954
air_af03c277a167b2bd,0.13175675675675674
air_c31472d14e29cee8,0.03556485355648536
air_5c65468938c07fa5,0.08158995815899582
air_d1418d6fd6d634f2,0.07432432432432433
air_d477b6339b8ce69f,0.0945945945945946
air_87078cf7903a648c,0.10135135135135136
air_b9e27558fb8bd5c4,0.20042194092827004
air_ced6297e5bdf5130,0.10548523206751055
air_414ff459ed18fa48,0.010135135135135136
air_bd74a9222edfdfe1,0.013513513513513514
air_4de6d887a7b1c1fc,0.1554054054054054
air_f26f36ec4dc5adb0,0.027196652719665274
air_3440e0ea1b70a99b,0.016891891891891893
air_9438d67241c81314,0.037894736842105266
air_d0a1e69685259c92,0.058577405857740586
air_bc9a129e11a2efe0,0.0033783783783783786
air_93b9bb641f8fc982,0.012738853503184714
air_31c753b48a657b6c,0.1590909090909091
air_287d2de7d3c93406,0.012605042016806723
air_2fed81034f8834e5,0.14189189189189189
air_710d6537cb7623df,0.030405405405405407
air_4feeb8600f131e43,0.22972972972972974
air_b2dcec37b83e2494,0.12837837837837837
air_bcce1ea4350b7b72,0.04054054054054054
air_2e7cb1f1a2a9cd6a,0.20608108108108109
air_e3020992d5fe5dfd,0.19256756756756757
air_ebd31e812960f517,0.19256756756756757
air_5acc13d655a6e8b2,0.11824324324324324
air_ecf7f141339f1d57,0.2195945945945946
air_8c3175aa5e4fc569,0.010135135135135136
air_1eeff462acb24fb7,0.12837837837837837
air_573ecdf81b157d22,0.21518987341772153
air_63b13c56b7201bd9,0.0440251572327044
air_5a9a6cbeeb434c08,0.09797297297297297
air_c027e2b560442808,0.06418918918918919
air_1707a3f18bb0da07,0.17229729729729729
air_96773a6236d279b1,0.0777027027027027
air_c4fa5c562d5409ca,0.14915966386554622
air_b2d97bd2337c5ba7,0.016891891891891893
air_890d7e28e8eaaa11,0.16554054054054054
air_c47aa7493b15f297,0.17229729729729729
air_5d7c744c3a2ef624,0.02702702702702703
air_4e1c38f68f435596,0.17966101694915254
air_09040f6df960ddb8,0.23310810810810811
air_4b55d8aea1d2b395,0.5928571428571429
air_ab3ae0e410b20069,0.0635593220338983
air_55c3627912b9c849,0.02526315789473684
air_16179d43b6ee5fd8,0.21621621621621623
air_0585011fa179bcce,0.0777027027027027
air_68cc910e7b307b09,0.2635135135135135
air_d98380a4aeb0290b,0.33933933933933935
air_97159fc4e90053fe,0.11157894736842106
air_21f5052d5330528d,0.02702702702702703
air_68147db09287bf74,0.18243243243243243
air_9241121af22ff1d6,0.02531645569620253
air_96929a799b12a43e,0.2195945945945946
air_f267dd70a6a6b5d3,0.13513513513513514
air_09a845d5b5944b01,0.14853556485355648
air_86f7b2109e4abd65,0.2089041095890411
air_138ff410757b845f,0.14527027027027026
air_68301bcb11e2f389,0.008639308855291577
air_2f8ced25216df926,0.02027027027027027
air_0b1e72d2d4422b20,0.12837837837837837
air_6b15edd1b4fbb96a,0.010482180293501049
air_d1f20424f76cc78e,0.14527027027027026
air_5e34c6fe6fabd10e,0.16554054054054054
air_4beac252540f865e,0.08445945945945946
air_fb44f566d4f64a4e,0.5472972972972973
air_2cee51fa6fdf6c0d,0.14135021097046413
air_465bddfed3353b23,0.016891891891891893
air_3525f11ef0bf0c35,0.1540084388185654
air_e657ca554b0c008c,0.14189189189189189
air_de803f7e324936b8,0.006756756756756757
air_1e665503b8474c55,0.018867924528301886
air_bfafaed35e213fd7,0.19111111111111112
air_4481a87c1d7c9896,0.02027027027027027
air_8e8f42f047537154,0.16216216216216217
air_8cc350fd70ee0757,0.010135135135135136
air_83db5aff8f50478e,0.1858108108108108
air_3a8a3f8fb5cd7f88,0.2830188679245283
air_4c665a2bfff0da3b,0.10526315789473684
air_e700e390226d9985,0.11368421052631579
air_258dc112912fc458,0.1891891891891892
air_32b02ba5dc2027f4,0.04054054054054054
air_640cf4835f0d9ba3,0.010526315789473684
air_9387ff95e886ebc7,0.3152542372881356
air_c7d30ab0e07f31d5,0.1240506329113924
air_32c61b620a766138,0.006756756756756757
air_a24bf50c3e90d583,0.016891891891891893
air_b2d8bc9c88b85f96,0.10126582278481013
air_28dbe91c4c9656be,0.0
air_17a6ab40f97fd4d8,0.6020761245674741
air_33b01025210d6007,0.13513513513513514
air_b7fa3d2fca744dd2,0.17088607594936708
air_c28983412a7eefcf,0.1858108108108108
air_5afb1cca48ceaa19,0.15878378378378377
air_7f3dc18494bce98b,0.033783783783783786
air_bb26d6d079594414,0.21307506053268765
air_81c2600146d07d16,0.37755102040816324
air_ee3ba9af184c6c82,0.4812286689419795
air_97b2a9f975fc702c,0.007782101167315175
air_25d8e5cc57dd87d9,0.10460251046025104
air_27e991812b0d9c92,0.22478991596638656
air_4c727b55acdee495,0.037162162162162164
air_ad60f6b76c9df7ed,0.24662162162162163
air_2a485b92210c98b5,0.7765486725663717
air_473cf23b9e7c0a37,0.15878378378378377
air_ab9746a0f83084b7,0.05405405405405406
air_61de73b097513f58,0.035864978902953586
air_0328696196e46f18,0.6054421768707483
air_7cf5a02c0e01b647,0.012578616352201259
air_bedd35489e666605,0.16554054054054054
air_15ae33469e9ea2dd,0.21621621621621623
air_9828505fefc77d75,0.1858108108108108
air_60aa54ecbc602348,0.18736842105263157
air_39dccf7df20b1c6a,0.014644351464435146
air_82a6ae14151953ba,0.17229729729729729
air_083ddc520ea47e1e,0.3050847457627119
air_5bd22f9cc1426a90,0.18088737201365188
air_d0e8a085d8dc83aa,0.010460251046025104
air_28a9fa1ec0839375,0.23578947368421052
air_99157b6163835eec,0.20253164556962025
air_8c119d1f16049f20,0.010526315789473684
air_cfcc94797d2b5d3d,0.08070175438596491
air_6836438b543ba698,0.02702702702702703
air_4b251b9f8373f1ae,0.52
air_59cc9b2b209c6331,0.46621621621621623
air_e7d2ac6d53d1b744,0.2510548523206751
air_0647f17b4dc041c8,0.030405405405405407
air_7f9e15afafcf4c75,0.033783783783783786
air_064e203265ee5753,0.25
air_52a08ef3efdb4bb0,0.7551020408163265
air_cd4b301d5d3918d8,0.36271186440677966
air_81c5dff692063446,0.100418410041841
air_229d7e508d9f1b5e,0.2427536231884058
air_2c6c79d597e48096,0.19594594594594594
air_d138b593ebda55cc,0.05907172995780591
air_b28bed4b2e7167b7,0.016891891891891893
air_9aa92007e3628dbc,0.16891891891891891
air_a2567267116a3b75,0.02364864864864865
air_6d65dd11d96e00fb,0.3665254237288136
air_5cb030b9f0b91537,0.17586206896551723
air_89e7328af22efe74,0.22972972972972974
air_c66dbd2c37832d00,0.3288135593220339
air_627cabe2fe53f33f,0.15878378378378377
air_464a62de0d57be1e,0.013513513513513514
air_fdcfef8bd859f650,0.41216216216216217
air_9bf595ef095572fb,0.016891891891891893
air_645cb18b33f938cf,0.16271186440677965
air_638c35eb25e53eea,0.014675052410901468
air_b8a5ee69e5fdcc5b,0.02364864864864865
air_c5459218282bedd5,0.060810810810810814
air_950381108f839348,0.1858108108108108
air_675aa35cba456fd1,0.26371308016877637
air_6b9fa44a9cf504a1,0.24261603375527427
air_a239a44805932bab,0.16891891891891891
air_87467487d21891dd,0.10472972972972973
air_650f9b9de0c5542c,0.19198312236286919
air_55390f784018349a,0.2869198312236287
air_9d452a881f7f2bb7,0.20292887029288703
air_3f91d592acd6cc0b,0.08108108108108109
air_eb2d2653586315dd,0.12343096234309624
air_5c817ef28f236bdf,0.0
air_290e7a57b390f78e,0.28421052631578947
air_3b6438b125086430,0.04184100418410042
air_79f528087f49df06,0.13598326359832635
air_fff68b929994bfbd,0.09121621621621621
air_67483104fa38ef6c,0.2033898305084746
air_7a946aada80376a4,0.002105263157894737
air_add9a575623726c8,0.2668918918918919
air_506fe758114df773,0.06276150627615062
air_f3f9824b7d70c3cf,0.016891891891891893
air_55e11c33d4758131,0.0033783783783783786
air_1ab60ce33bfed8a8,0.11148648648648649
air_67f87c159d9e2ee2,0.02364864864864865
air_3bd49f98ab7f36ab,0.0472972972972973
air_a9178f19da58fe99,0.22297297297297297
air_88ca84051ba95339,0.18565400843881857
air_f180301886c21375,0.09797297297297297
air_af63df35857b16e6,0.0777027027027027
air_86cfbf2624576fad,0.27578947368421053
air_a373500730e2a9e0,0.16877637130801687
air_2c989829acbd1c6b,0.20421052631578948
air_4b9085d0d46a6211,0.19932432432432431
air_8a1d21fad48374e8,0.4189189189189189
air_95e917913cd988f3,0.25
air_0b9038300f8b2b50,0.013513513513513514
air_74cf22153214064c,0.31756756756756754
air_324f7c39a8410e7c,0.06418918918918919
air_47beaffd3806c979,0.39322033898305087
air_20add8092c9bb51d,0.013513513513513514
air_6ca1d941c8199a67,0.04391891891891892
air_25e9888d30b386df,0.32489451476793246
air_1c0b150f9e696a5f,0.019230769230769232
air_ea7c16131980c837,0.16033755274261605
air_d44d210d2994f01b,0.14105263157894737
air_671b4bea84dafb67,0.02531645569620253
air_396942e6423a2145,0.11824324324324324
air_00a91d42b08b08d9,0.21621621621621623
air_b30fffd7ab1e75a5,0.31756756756756754
air_78df4dc6a7e83e41,0.12837837837837837
air_fd6aac1043520e83,0.19789473684210526
air_7bacc4d36fb094c9,0.24324324324324326
air_4cab15ad29c0ffbc,0.029411764705882353
air_9bf0ccac497c4af3,0.14864864864864866
air_915558a55c2bc56c,0.0472972972972973
air_c88467d88b2c8ecd,0.22635135135135134
air_a2b29aa7feb4e36f,0.11486486486486487
air_3982a2c4ea2ed431,0.12815126050420167
air_b439391e72899756,0.0472972972972973
air_cbe139af83feb388,0.12184873949579832
air_9ae7081cb77dc51e,0.02364864864864865
air_a1fe8c588c8d2f30,0.029473684210526315
air_876d7a23c47811cb,0.34576271186440677
air_9efaa7ded03c5a71,0.10810810810810811
air_24b9b2a020826ede,0.1705263157894737
air_7d65049f9d275c0d,0.23648648648648649
air_457efe8c3a30ea17,0.18565400843881857
air_baf28ac9f13a307d,0.2711864406779661
air_4254c3fc3ad078bd,0.12837837837837837
air_60a7057184ec7ec7,0.006276150627615063
air_fef9ccb3ba0da2f7,0.17229729729729729
air_a88ac559064dec08,0.10964912280701754
air_832f9dbe9ee4ebd3,0.22151898734177214
air_0f0cdeee6c9bf3d7,0.09797297297297297
air_234d3dbf7f3d5a50,0.06962025316455696
air_6e64fb5821402cd2,0.41216216216216217
air_0382c794b73b51ad,0.3659574468085106
air_efc80d3f96b3aff7,0.07740585774058577
air_d63cfa6d6ab78446,0.6283524904214559
air_c8a657c8c5c93d69,0.3890063424947146
air_77488fa378cf98c3,0.029473684210526315
air_303bac187b53083a,0.3581081081081081
air_48e9fc98b62495a7,0.07563025210084033
air_4cab91146e3d1897,0.21518987341772153
air_7420042ff75f9aca,0.3877551020408163
air_4043b7ccfbffa732,0.2923728813559322
air_48f4da6223571da4,0.030405405405405407
air_8b4a46dc521bfcfe,0.10135135135135136
air_968d72c12eed09f0,0.13800424628450106
air_f2c5a1f24279c531,0.21670428893905191
air_f6cdaf7b7fdc6d78,0.0945945945945946
air_8e4360a64dbd4c50,0.010135135135135136
air_6a15e4eae523189d,0.20945945945945946
air_ac7a7427c9ae12a5,0.24324324324324326
air_6b2268863b14a2af,0.11824324324324324
air_b711b43ae472cb6b,0.21283783783783783
air_0e1eae99b8723bc1,0.21914893617021278
air_12c4fb7a423df20d,0.013513513513513514
air_d186b2cb0b9ce022,0.08108108108108109
air_883ca28ef0ed3d55,0.008368200836820083
air_536043fcf1a4f8a4,0.016736401673640166
air_efef1e3daecce07e,0.16666666666666666
air_e053c561f32acc28,0.013513513513513514
air_c8fe396d6c46275d,0.037162162162162164
air_99c3eae84130c1cb,0.1858108108108108
air_f8233ad00755c35c,0.11148648648648649
air_b8d9e1624baaadc2,0.1554054054054054
air_bbe1c1a47e09f161,0.25675675675675674
air_232dcee6f7c51d37,0.0041928721174004195
air_08cb3c4ee6cd6a22,0.02364864864864865
air_bac5f4441db21db9,0.16216216216216217
air_7fbf7649eb13ad9b,0.2533783783783784
air_42c9aa6d617c5057,0.17567567567567569
air_9bbc673495e23532,0.37763713080168776
air_c1d5d165c055b866,0.10126582278481013
air_c26f027b5bc1f081,0.2939189189189189
air_4c2ed28f3f19ca52,0.14189189189189189
air_ca1315af9e073bd1,0.34121621621621623
air_e76a668009c5dabc,0.08783783783783784
air_670a0c1c4108bcea,0.15611814345991562
air_1653a6c513865af3,0.1111111111111111
air_6e06824d0934dd81,0.2978723404255319
air_bebd55ed63ab2422,0.13851351351351351
air_d00a15343325e5f7,0.1891891891891892
air_694571ea13fb9e0e,0.18243243243243243
air_aa0049fe3cc6f4d6,0.04842105263157895
air_ca6ae8d49a2f1eaf,0.0033783783783783786
air_10393f12e9069760,0.02364864864864865
air_632ba66e1f75aa28,0.11839323467230443
air_eca4a5a191e8d993,0.1751054852320675
air_9a6f6e7f623003d2,0.3310344827586207
air_2545dd3a00f265e2,0.16216216216216217
air_9cd5e310f488bced,0.057432432432432436
air_3cad29d1a23209d2,0.23255813953488372
air_ade6e836ffd1da64,0.09797297297297297
air_3d3a2b509180e798,0.17905405405405406
air_9dc9483f717d73ee,0.24662162162162163
air_c73d319ffabf287a,0.11578947368421053
air_728ff578acc6ac6e,0.15878378378378377
air_848616680ef061bd,0.010135135135135136
air_edd5e3d696a5811b,0.2195945945945946
air_cb935ff8610ba3d3,0.3547297297297297
air_eec5e572b9eb9c23,0.19932432432432431
air_a55d17bd3f3033cb,0.021052631578947368
air_820d1919cbecaa0a,0.03741496598639456
air_e64de0a6bf0739af,0.2542372881355932
air_082908692355165e,0.09894736842105263
air_0164b9927d20bcc3,0.2623762376237624
air_681b0c56328dd2af,0.1425531914893617
air_8e429650fcf7a0ae,0.04391891891891892
air_97e0f2feec4d577a,0.17567567567567569
air_dc71c6cc06cd1aa2,0.030405405405405407
air_97958e7fce98b6a3,0.006756756756756757
air_f068442ebb6c246c,0.15756302521008403
air_ffcc2d5087e1b476,0.17905405405405406
air_2195cd5025a98033,0.14527027027027026
air_dad0b6a36138f309,0.21283783783783783
air_a271c9ba19e81d17,0.0
air_8a906e5801eac81c,0.18736842105263157
air_c3dcaf3aeb18e20e,0.010135135135135136
air_91236b89d29567af,0.04054054054054054
air_b1a72bf1ebf4b8ef,0.13513513513513514
air_88c8e34baa79217b,0.125
air_23ee674e91469086,0.02736842105263158
air_fa4ffc9057812fa2,0.1965065502183406
air_cf22e368c1a71d53,0.4153846153846154
air_90213bcae4afa274,0.13851351351351351
air_87ca98aa7664de94,0.15593220338983052
air_91d72e16c4bcba55,0.1368421052631579
air_3caef3f76b8f26c5,0.16666666666666666
air_08ba8cd01b3ba010,0.0397489539748954
air_9cf2f1ba86229773,0.6758620689655173
air_ea6d0c3acf00b22a,0.13851351351351351
air_6d64dba2edd4fc0c,0.27364864864864863
air_152c1f08d7d20e07,0.4391891891891892
air_a510dcfe979f09eb,0.006756756756756757
air_fea5dc9594450608,0.07432432432432433
air_08ef81d5b7a0d13f,0.1891891891891892
air_22682e965418936f,0.0777027027027027
air_54ed43163b7596c4,0.33544303797468356
air_dbf64f1ce38c7442,0.07432432432432433
air_683371d9baabf410,0.14587737843551796
air_eeeadee005c006a2,0.0033783783783783786
air_e34c631c766f2766,0.030405405405405407
air_800c02226e2e0288,0.3141891891891892
air_fe58c074ec1445ea,0.270042194092827
air_63a88d81295195ed,0.06962025316455696
air_df9355c47c5df9d3,0.23448275862068965
air_40953e2d8b4f2857,0.15878378378378377
air_cbe867adcf44e14f,0.18243243243243243
air_fcfbdcf7b1f82c6e,0.13851351351351351
air_48ffd31594bc3263,0.19256756756756757
air_6b7678aae65d2d59,0.19661733615221988
air_ebe02c3090271fa9,0.17905405405405406
air_1509881b22965b34,0.5928270042194093
air_f927b2da69a82341,0.37894736842105264
air_47070be6093f123e,0.15878378378378377
air_5b704df317ed1962,0.2635135135135135
air_646b93e336f0dded,0.2328767123287671
air_ecab54b57a71b10d,0.16216216216216217
air_a41b032371a63427,0.19117647058823528
air_629d9935273c82ae,0.013513513513513514
air_0a74a5408a0b8642,0.11148648648648649
air_c8c0ef02ed72053f,0.02702702702702703
air_32f5d7cd696e3c4a,0.04391891891891892
air_6ced51c24fb54262,0.17567567567567569
air_6cbe54f0aa30b615,0.029473684210526315
air_452100f5305dde64,0.22635135135135134
air_9ca2767761efff4d,0.21621621621621623
air_a678e5b144ca24ce,0.16877637130801687
air_4579cb0669fd411b,0.02027027027027027
air_93dd7070c9bf5453,0.26582278481012656
air_40f6193ea3ed1b91,0.1431578947368421
air_efd70b04de878f25,0.060810810810810814
air_d6b3e67261f07646,0.16554054054054054
air_1979eaff8189d086,0.16891891891891891
air_ba495cccc8f0f237,0.012578616352201259
air_f0fb0975bdc2cdf9,0.05067567567567568
air_1dea9815ccd36620,0.16891891891891891
air_10713fbf3071c361,0.09121621621621621
air_0845d8395f30c6bb,0.05067567567567568
air_b0a6a4c5e95c74cf,0.06756756756756757
air_383f5b2f8d345a49,0.016771488469601678
air_84060403939d8216,0.013513513513513514
air_64a5d5c1381837af,0.06293706293706294
air_d4b5a4b04c5f2d04,0.14376321353065538
air_f88898cd09f40496,0.060810810810810814
air_cb7467aed805e7fe,0.010460251046025104
air_4d21676ed11f0bac,0.060810810810810814
air_746211c0b532e8aa,0.033783783783783786
air_4dea8d17f6f59c56,0.08445945945945946
air_036d4f1ee7285390,0.05067567567567568
air_fdc02ec4a3d21ea4,0.04054054054054054
air_764f71040a413d4d,0.31932773109243695
air_81a12d67c22e012f,0.14135021097046413
air_f0c7272956e62f12,0.14799154334038056
air_6b65745d432fd77f,0.0
air_c3bc011cca3bec65,0.0472972972972973
air_6c1128955c58b690,0.3716216216216216
air_a38f25e3399d1b25,0.031578947368421054
air_539d693f7317c62d,0.17088607594936708
air_85bd13a49370c392,0.030405405405405407
air_8e492076a1179383,0.8144329896907216
air_2d78d9a1f4dd02ca,0.1554054054054054
air_96005f79124e12bf,0.03728813559322034
air_105a7954e32dba9b,0.34915254237288135
air_e7fbee4e3cfe65c5,0.13513513513513514
air_97cf68dc1a9beac0,0.18243243243243243
air_2bffb19a24d11729,0.057432432432432436
air_cf5ab75a0afb8af9,0.208955223880597
air_c6a164dd4060e960,0.19789473684210526
air_87f9e1024b951f01,0.09205020920502092
air_dfe068a1bf85f395,0.1554054054054054
air_bf7591560077332d,0.23044397463002114
air_5e70fe82f9e4fab6,0.11368421052631579
air_2c505f9ad67d4635,0.05405405405405406
air_473f98b212d37b4a,0.15611814345991562
air_af24e3e817dea1e5,0.07094594594594594
air_03963426c9312048,0.0968421052631579
air_43b65e4b05bff2d3,0.0
air_9e920b758503ef54,0.11148648648648649
air_a85f8c0bfd61889f,0.16891891891891891
air_5e939e005bd34633,0.524416135881104
air_d5e0a20370c325c7,0.2135306553911205
air_228f10bec0bda9c8,0.19256756756756757
air_5c7489c9ec755e2d,0.33220338983050846
air_b45b8e456f53942a,0.10810810810810811
air_28064154614b2e6c,0.0033783783783783786
air_f957c6d6467d4d90,0.006756756756756757
air_fee8dcf4d619598e,0.02702702702702703
air_066f0221b8a4d533,0.06418918918918919
air_947eb2cae4f3e8f2,0.008968609865470852
air_aed3a8b49abe4a48,0.07094594594594594
air_10bbe8acd943d8f6,0.013513513513513514
air_397d3f32a7196aa2,0.16891891891891891
air_4ce7b17062a1bf73,0.2336842105263158
air_8ec47c0f1e2c879e,0.02027027027027027
air_a9a380530c1e121f,0.864406779661017
air_1d3f797dd1f7cf1c,0.030405405405405407
air_d3e7b5952cd09ccb,0.19256756756756757
air_9352c401d5adb01b,0.09894736842105263
air_9105a29b0eb250d2,0.030405405405405407
air_56cebcbd6906e04c,0.07094594594594594
air_2a184c1745274b2b,0.05067567567567568
air_8764b3473ddcceaf,0.35668789808917195
air_8a59bb0c497b771e,0.25
air_db1233ad855b34d5,0.02702702702702703
air_63a750d8b4b6a976,0.1488469601677149
air_e0aee25b56a069f2,0.19594594594594594
air_4433ab8e9999915f,0.16891891891891891
air_41bbf6e1d9814c4b,0.16244725738396623
air_0b184ec04c741a6a,0.1962025316455696
air_54d6c25d33f5260e,0.029350104821802937
air_d34c0861a2be94cb,0.14947368421052631
air_c92745dfdd2ec68a,0.043933054393305436
air_36429b5ca4407b3e,0.12162162162162163
air_349278fa964bb12f,0.010135135135135136
air_b2a639cc7e02edf1,0.033783783783783786
air_96ec3cfe78cb0652,0.3059071729957806
air_629edf21ea38ac2d,0.06756756756756757
air_9fc607777ad76b26,0.2830188679245283
air_bc991c51d6613745,0.11486486486486487
air_0f2f96335f274801,0.09411764705882353
air_71903025d39a4571,0.006276150627615063
air_138ee734ac79ff90,0.16421052631578947
air_bf21b8350771879b,0.16455696202531644
air_6411203a47b5ec77,0.16554054054054054
air_a563896da3777078,0.1350210970464135
air_e57dd6884595f60d,0.14767932489451477
air_d54d6fcb116fbed3,0.20042194092827004
air_f183a514cb8ff4fa,0.02364864864864865
air_68d075113f368946,0.0847457627118644
air_8093d0b565e9dbdf,0.010570824524312896
air_2570ccb93badde68,0.14644351464435146
air_cfdeb326418194ff,0.14853556485355648
air_0867f7bebad6a649,0.039301310043668124
air_37189c92b6c761ec,0.19957983193277312
air_c6ffd6a93e6b68d6,0.08783783783783784
air_fd154088b1de6fa7,0.42857142857142855
air_a546cbf478a8b6e4,0.004273504273504274
air_95d28905941fd4cb,0.15157894736842106
air_9483d65e9cc9a6b7,0.21283783783783783
air_c52c63c781fe48f6,0.16216216216216217
air_05c325d315cc17f5,0.02092050209205021
air_e8ed9335d0c38333,0.14974619289340102
air_64d4491ad8cdb1c6,0.12025316455696203
air_e0e69668214ff972,0.1858108108108108
air_51281cd059d7b89b,0.251063829787234
air_24e8414b9b07decb,0.20945945945945946
air_e0f241bd406810c0,0.15157894736842106
air_ccd19a5bc5573ae5,0.016891891891891893
air_2a3743e37aab04b4,0.20042194092827004
air_caf996ac27206301,0.13175675675675674
air_f6bfd27e2e174d16,0.15202702702702703
air_dfad598ff642dab7,0.0649895178197065
air_eda179770dfa9f91,0.0472972972972973
air_eceb97ad6a7d4c07,0.02702702702702703
air_ef47430bcd6f6a89,0.46558704453441296
air_06f95ac5c33aca10,0.1540084388185654
air_84f6876ff7e83ae7,0.1554054054054054
air_e9ebf7fc520ac76a,0.12842105263157894
air_ad13e71e21235131,0.060810810810810814
air_6ff5fca957798daa,0.23310810810810811
air_db80363d35f10926,0.056485355648535567
air_5cfc537125d97f16,0.05405405405405406
air_d8abb9e490abf94f,0.02027027027027027
air_5dea8a7a5bf5eb71,0.02364864864864865
air_cf2229e64408d9fe,0.23648648648648649
air_a11473cc1eb9a27f,0.17567567567567569
air_1408dd53f31a8a65,0.0
air_d69b08a175bc0387,0.28040540540540543
air_2c6fef1ce0e13a5a,0.00684931506849315
air_326ca454ef3558bc,0.08385744234800839
air_859feab8e3c9f98d,0.21283783783783783
air_7bda6048a4a78837,0.030405405405405407
air_75864c80d2fb334a,0.12837837837837837
air_96743eee94114261,0.15822784810126583
air_20619d21192aa571,0.1069182389937107
air_990a642a3deb2903,0.1891891891891892
air_fa12b40b02fecfd8,0.11824324324324324
air_25c583983246b7b0,0.2912280701754386
air_1d25ca6c76df48b4,0.030405405405405407
air_a85f0c0c889f6b7e,0.08108108108108109
air_735bcbe1763d6e98,0.14487632508833923
air_ca957d3a1529fbd3,0.1891891891891892
air_81bd68142db76f58,0.16216216216216217
air_5b6d18c470bbfaf9,0.1401673640167364
air_e01d99390355408d,0.08668076109936575
air_f911308e19d64236,0.1431578947368421
air_cc1a0e985ce63711,0.013513513513513514
air_de88770300008624,0.020964360587002098
air_df507aec929ce5f6,0.0777027027027027
air_57013002b912772b,0.10810810810810811
air_602ca92c0db34f8f,0.19256756756756757
air_45326ebb8dc72cfb,0.13175675675675674
air_e88bbe2ede3467aa,0.061052631578947365
air_ef920fa6f4b085f6,0.11181434599156118
air_5f6fa1b897fe80d5,0.20270270270270271
air_1d1e8860ae04f8e9,0.1014799154334038
air_3ac24136722e2291,0.10135135135135136
air_63e28ee0b0c955a7,0.1160337552742616
air_5878b6f2a9da12c1,0.08783783783783784
air_bb4ff06cd661ee9b,0.0958904109589041
air_cd5f54969be9ed08,0.17567567567567569
air_298513175efdf261,0.07531380753138076
air_8f273fb9ad2fed6f,0.0
air_d07e57b21109304a,0.016891891891891893
air_396166d47733d5c9,0.09121621621621621
air_0768ab3910f7967f,0.3059071729957806
air_747f375eb3900e1e,0.36610169491525424
air_ad7777590c884721,0.17088607594936708
air_f2985de32bb792e0,0.010135135135135136
air_e483f5b3c4f310e0,0.15481171548117154
air_5fbda8e9302f7c13,0.19932432432432431
air_421670f21da5ba31,0.28040540540540543
air_a218912784bf767d,0.08783783783783784
air_7831b00996701c0f,0.16101694915254236
air_275732a5db46f4d3,0.21894736842105264
air_2d3afcb91762fe01,0.1431578947368421
air_07b314d83059c4d2,0.006756756756756757
air_9c6787aa03a45586,0.18604651162790697
air_6873982b9e19c7ad,0.19256756756756757
air_8f3b563416efc6ad,0.010135135135135136
air_3aa839e8e0cb6c87,0.030405405405405407
air_1033310359ceeac1,0.05319148936170213
air_9d93d95720f2e831,0.2463157894736842
air_6108821ffafa9b72,0.15254237288135594
air_2b9bc9f5f5168ea1,0.08445945945945946
air_0e7c11b9abc50163,0.26013513513513514
air_07bb665f9cdfbdfb,0.2
air_1f1390a8be2272b3,0.10337552742616034
air_8ce035ee1d8a56a6,0.1554054054054054
air_eb5788dba285e725,0.13175675675675674
air_3c05c8f26c611eb9,0.010482180293501049
air_939964477035ef0b,0.11824324324324324
air_e55abd740f93ecc4,0.12869198312236288
air_6c91a28278a16f64,0.12159329140461216
air_56cd12f31a0afc04,0.016891891891891893
air_1ae94f514a0bce13,0.5210970464135021
air_3bb99a1fe0583897,0.050314465408805034
air_3155ee23d92202da,0.4126315789473684
air_2a24aec099333f39,0.25
air_712dd258f7f91b4b,0.1554054054054054
air_51319e7acf0438cf,0.19238900634249473
air_f1f9027d4fa8f653,0.2616033755274262
air_d0a7bd3339c3d12a,0.326271186440678
air_831658500aa7c846,0.19932432432432431
air_5d945ade487cdf4d,0.23991507430997877
air_707d4b6328f2c2df,0.014736842105263158
air_a49f1cf0634f13e5,0.1891891891891892
air_cb25551c4cd8d9f3,0.10472972972972973
air_789103bf53b8096b,0.8591065292096219
air_c2626f5f86d57342,0.14527027027027026
air_5485912b44f976de,0.15593220338983052
air_3e93f3c81008696d,0.22972972972972974
air_57ed725a1930a5b9,0.10460251046025104
air_7c7774c66fb237f7,0.0824524312896406
air_256be208a979e023,0.060810810810810814
air_168441ada3e878e1,0.010135135135135136
air_3980af67be35afdb,0.1864406779661017
air_609050e4e4f79ae1,0.12631578947368421
air_401b39f97e56b939,0.326271186440678
air_68c1de82037d87e6,0.16771488469601678
air_2634e41551e9807d,0.037894736842105266
air_e42bdc3377d1eee7,0.5844594594594594
air_f3602e4fa2f12993,0.22972972972972974
air_614e2f7e76dff854,0.17684210526315788
air_5f3a3ef4cba110a4,0.28752642706131076
air_2aab19554f91ff82,0.17894736842105263
air_622375b4815cf5cb,0.061052631578947365
air_347be2c4feeb408b,0.17229729729729729
air_900d755ebd2f7bbd,0.6153846153846154
air_8f13ef0f5e8c64dd,0.26013513513513514
air_7a81bd7fadcbf3d8,0.0472972972972973
air_99a5183695b849f9,0.02702702702702703
air_f690c42545146e0a,0.4874476987447699
air_abf06fcca748dca5,0.05296610169491525
air_8523d6a70de49e6c,0.013513513513513514
air_034a3d5b40d5b1b1,0.15202702702702703
air_90ed0a2f24755533,0.18048780487804877
air_b3a824511477a4ed,0.18243243243243243
air_b259b4e4a51a690d,0.6091370558375635
air_df843e6b22e8d540,0.0472972972972973
air_cb083b4789a8d3a2,0.2777777777777778
air_1e23210b584540e7,0.05450733752620545
air_fbadf737162a5ce3,0.1431578947368421
air_d500b48a8735fbd3,0.19932432432432431
air_3b20733899b5287f,0.20608108108108109
air_931a8a4321b6e7d1,0.3016949152542373
air_15e6e15c7ea2c162,0.05405405405405406
air_9b13c7feb0a0c431,0.15368421052631578
air_dc0e080ba0a5e5af,0.010135135135135136
air_9d474ec2448c700d,0.13175675675675674
air_04cae7c1bc9b2a0b,0.016891891891891893
air_fab092c35776a9b1,0.04602510460251046
air_f1094dbf2aef85d9,0.27796610169491526
air_4cca5666eaf5c709,0.0063025210084033615
air_0728814bd98f7367,0.08879492600422834
air_375a5241615b5e22,0.11824324324324324
air_4d90a22572fa1ec9,0.15202702702702703
air_0241aa3964b7f861,0.16806722689075632
air_65e294f1ae6df9c3,0.18354430379746836
air_f6b2489ccf873c3b,0.010526315789473684
air_32460819c7600037,0.1368421052631579
air_98b54e32ccddd896,0.16216216216216217
air_c2c8435bdb3516d4,0.09243697478991597
air_d4981cdde163b172,0.17567567567567569
air_eb20a89bba7dd3d0,0.21729957805907174
air_472b19e3b5bffa41,0.25
air_e89735e80d614a7e,0.19594594594594594
air_42d41eb58cad170e,0.05067567567567568
air_cadf9cfb510a1d78,0.1662531017369727
air_b80fed1a07c817d2,0.2857142857142857
air_c225148c0fcc5c72,0.04821802935010482
air_b192fb5310436005,0.18085106382978725
air_0ead98dd07e7a82a,0.448
air_bf13014b6e3e60ca,0.20945945945945946
air_e58f669b6f1a08ce,0.25316455696202533
air_8d50c64692322dff,0.5606694560669456
air_546b353cbea4a45b,0.22105263157894736
air_c9ed65554b6edffb,0.042105263157894736
air_6902e4ec305b3d08,0.019083969465648856
air_382f5ace4e2247b8,0.288135593220339
air_bf617aa68d5f1cfa,0.23648648648648649
air_e0118664da63a2d0,0.3023255813953488
air_b3180b74332ba886,0.15604395604395604
air_929d8513e3cdb423,0.060810810810810814
air_43d577e0c9460e64,0.21052631578947367
air_bdd32aa407c16335,0.06512605042016807
air_dea0655f96947922,0.010482180293501049
air_399904bdb7685ca0,0.035864978902953586
air_a257c9749d8d0ff6,0.12637362637362637
air_e524c6a9e06cc3a1,0.3423728813559322
air_bed603c423b7d9d4,0.07432432432432433
air_142e78ba7001da9c,0.09853249475890985
air_901925b628677c2e,0.06302521008403361
air_220cba70c890b119,0.04054054054054054
air_b23d0f519291247d,0.04054054054054054
air_75bd5d1b6dc6670d,0.04391891891891892
air_965b2e0cf4119003,0.39800995024875624
air_35512c42db0868da,0.01182033096926714
air_09fd1f5c58583141,0.21283783783783783
